term_localName,label,definition,usage,notes,examples,type,tdwgutility_organizedInClass
Accuracy,accuracy,experimental degree of eror,,,+/- 5%,http://www.w3.org/1999/02/22-rdf-syntax-ns#Property,
AlterationDegree,alteration degree,Free text describing the degree of alteration or metamorphic phase that has affected a rock. [This element may need to be split into hydrothermal mineralogical change and metamorphic phases],,,,http://www.w3.org/1999/02/22-rdf-syntax-ns#Property,
AlterationType,alteration type,Free text describing the type of change that has taken place,,,"chloritisation, migmatisation, cataclastic brecciation etc.",http://www.w3.org/1999/02/22-rdf-syntax-ns#Property,
AnalysisBy,analysis by,Persons or organisations carrying out the analysis ,,,,http://www.w3.org/1999/02/22-rdf-syntax-ns#Property,
AnalysisDateTime,analysis date time,When the analysis was carried out,,,,http://www.w3.org/1999/02/22-rdf-syntax-ns#Property,
AnalysisMethod,analysis method,Analytical method used,,,"x-ray diffraction, electron probe, chemical analysis or thin section.",http://www.w3.org/1999/02/22-rdf-syntax-ns#Property,
AnalysisReference,analysis reference,Individual documentary reference linked to an analysis. Uses abcd:Reference Type,,,,http://www.w3.org/1999/02/22-rdf-syntax-ns#Property,
AnalysisReferences,analysis references,Container for 1 or more references related to the analysis,,,,http://www.w3.org/1999/02/22-rdf-syntax-ns#Property,
AnalysisResult,analysis result,Individual measurement made during an analysis,,,the chemical composition of a mineral,http://www.w3.org/1999/02/22-rdf-syntax-ns#Property,
AnalysisResultComment,analysis result comment,Free text comment relating to the analysis results,,,,http://www.w3.org/1999/02/22-rdf-syntax-ns#Property,
AnalysisResults,analysis results,Container for multiple values obtained by analysis,,,percentages of different elements present,http://www.w3.org/1999/02/22-rdf-syntax-ns#Property,
AnalysisText,analysis text,"Free text to describe the analysis. This may be of value, for instance, if the mineral has been confirmed by x-ray diffraction but no actual analysis data are given in the analytical results.",,,,http://www.w3.org/1999/02/22-rdf-syntax-ns#Property,
AppliesTo,applies to,Used to qualify the measurement parameter,,,,http://www.w3.org/1999/02/22-rdf-syntax-ns#Property,
Articulation,articulation,Free text description of the articulation in the preserved specimen - applies to invertebrate shells and exoskeletons as well as vertebrate skeletons.,,,"articulated, dis-articulated, single valves etc.",http://www.w3.org/1999/02/22-rdf-syntax-ns#Property,
AssemblageOrigin,assemblage origin,Free text description relating to the mode of origin of the assemblage,,,"unknown, allocthonous, autocthonous, paraautocthonous etc.",http://www.w3.org/1999/02/22-rdf-syntax-ns#Property,
AssociatedFossilAssemblage,associated fossil assemblage,Container element for describing fossil assemblage associated with the rock or mineral unit ,,,,http://www.w3.org/1999/02/22-rdf-syntax-ns#Property,
AssociatedFossilAssemblageText,associated fossil assemblage text,"Free text for describing the occurrence, form or other features associated with this fossil assemblage",,,"fore-reef community, condensed reworked assemblage, serpulid bioherm with high concentration of gastropods etc.",http://www.w3.org/1999/02/22-rdf-syntax-ns#Property,
AssociatedFossilComment,associated fossil comment,Free text for describing occurrence of this particular taxon or any of its features.,,,,http://www.w3.org/1999/02/22-rdf-syntax-ns#Property,
AssociatedFossilList,associated fossil list,Container for one or more fossil taxa (including ichnotaxa) that constitute the fossil assemblage associated with the unit being described. Note that highly detailed information on identification or description of the taxa in the assemblage should be treated as separate but related units.,,,,http://www.w3.org/1999/02/22-rdf-syntax-ns#Property,
AssociatedFossilName,associated fossil name,A single taxon name at any level,,,trilobite or Dalmanites myops,http://www.w3.org/1999/02/22-rdf-syntax-ns#Property,
AssociatedMineralAssemblage,associated mineral assemblage,,,,,http://www.w3.org/1999/02/22-rdf-syntax-ns#Property,
AssociatedMineralAssemblageText,associated mineral assemblage text,Free text for describing the features or characteristics of the overall mineral assemblage,,,typical North Yorkshire primary copper-rich sulphide assemblage with complex secondary alteration products,http://www.w3.org/1999/02/22-rdf-syntax-ns#Property,
AssociatedMineralComment,associated mineral comment,Free text for describing the occurrence of this particular mineral or any of its features.,,,,http://www.w3.org/1999/02/22-rdf-syntax-ns#Property,
AssociatedMineralList,associated mineral list,A single mineral name at any level of accuracy,,,"feldspar, pyroxene etc. or orthoclase, olivine, horneblende etc.",http://www.w3.org/1999/02/22-rdf-syntax-ns#Property,
AssociatedMineralName,associated mineral name,A single mineral name at any level of accuracy,,,"feldspar, pyroxene etc. or orthoclase, olivine, horneblende etc.",http://www.w3.org/1999/02/22-rdf-syntax-ns#Property,
AuthorTeamAndYear,author team and year,who named the mineral or rock and when,,,,http://www.w3.org/1999/02/22-rdf-syntax-ns#Property,
BaselineDatum,baseline datum,Text - what is the baseline,,,top of borehole or base of measured section,http://www.w3.org/1999/02/22-rdf-syntax-ns#Property,
Bed,bed,The smallest division of a named stratified series normally with well defined division from adjacent deposits.,,,,http://www.w3.org/1999/02/22-rdf-syntax-ns#Property,
Bioerosion,bioerosion,"Free text description of damage due to biological action, such as, boring worms and sponges.",,,,http://www.w3.org/1999/02/22-rdf-syntax-ns#Property,
BiostratigraphicAttribution,biostratigraphic attribution,A single declaration of a fossil zone or subzone.,,,,http://www.w3.org/1999/02/22-rdf-syntax-ns#Property,
BiostratigraphicAttributions,biostratigraphic attributions,Container for optional multiple references to fossil zones,,,where a range of zones and subzones might be represented.,http://www.w3.org/1999/02/22-rdf-syntax-ns#Property,
Borehole,borehole,Container for details specific to boreholes and wells. Does not contain spatial reference as this and details of platform etc. are under Gathering in main ABCD schema - but they could be copied to make an independent schema.,,,,http://www.w3.org/1999/02/22-rdf-syntax-ns#Property,
BottomSurface,bottom surface,Container for details of bottom surface of layer or stratum,,,,http://www.w3.org/1999/02/22-rdf-syntax-ns#Property,
BottomSurfaceFeature,bottom surface feature,Text describing features at the base of a layer or stratum,,,,http://www.w3.org/1999/02/22-rdf-syntax-ns#Property,
Certainty,certainty,Degree of certainty associated with the date determination,,,"unknown, certain, uncertain, possibly, known wrong.",http://www.w3.org/1999/02/22-rdf-syntax-ns#Property,
ChronoStratigraphicDivision,chrono stratigraphic division,Classification level for the term,,,"eon, system, stage etc.",http://www.w3.org/1999/02/22-rdf-syntax-ns#Property,
ChronostratigraphicAttribution,chronostratigraphic attribution,A single declaration of an identifed chronostratigraphic date,,,,http://www.w3.org/1999/02/22-rdf-syntax-ns#Property,
ChronostratigraphicAttributions,chronostratigraphic attributions,Allows for multiple and range declarations of chronostratigraphic terms. This element combines both chronostratigraphic and geochronologic terms with preference for chronostratigraphic. (Zalasiewicz et al. 2004),,,,http://www.w3.org/1999/02/22-rdf-syntax-ns#Property,
ChronostratigraphicName,chronostratigraphic name,The formal  geo/chrono chronologic name,,,"Jurassic, Kimmeridgian etc.",http://www.w3.org/1999/02/22-rdf-syntax-ns#Property,
ClassifiedName,classified name,The formal name for the rock or mineral according to a given classification scheme,,,,http://www.w3.org/1999/02/22-rdf-syntax-ns#Property,
CommissionedBy,commissioned by,Company or organisation who commissioned the borehole or well,,,,http://www.w3.org/1999/02/22-rdf-syntax-ns#Property,
Completeness,completeness,Free text descrbing the degree of completeness of the specimen,,,"complete, cephalon only, but may describe completeness of a part",http://www.w3.org/1999/02/22-rdf-syntax-ns#Property,
Contractor,contractor,The drilling contractor who carried out the work,,,,http://www.w3.org/1999/02/22-rdf-syntax-ns#Property,
CrystalForm,crystal form,Container element for describing the crystal form of a mineral unit.,,,,http://www.w3.org/1999/02/22-rdf-syntax-ns#Property,
CrystalFormText,crystal form text,Free text description of crystal form,,,,http://www.w3.org/1999/02/22-rdf-syntax-ns#Property,
CrystalMeasurement,crystal measurement,Individual measurement or fact related to a crystal unit - container for standard MeasurementOrFact complex type from main schema,,,,http://www.w3.org/1999/02/22-rdf-syntax-ns#Property,
CrystalMeasurements,crystal measurements,container for measurements of crystal physical and chemical characteristics,,,,http://www.w3.org/1999/02/22-rdf-syntax-ns#Property,
DateText,date text,Free text to allow for vague dates or description of analysis period.,,,,http://www.w3.org/1999/02/22-rdf-syntax-ns#Property,
DatingAccuracy,dating accuracy,The degree of certainty or likely accuracy of the dating analysis,,,+/- 1 m.y.,http://www.w3.org/1999/02/22-rdf-syntax-ns#Property,
DatingComment,dating comment,Free text description of the anlysis or its result.,,,,http://www.w3.org/1999/02/22-rdf-syntax-ns#Property,
DatingQualifier,dating qualifier,Allows for qualification of date terms,,,"early/lower, middle, late/upper",http://www.w3.org/1999/02/22-rdf-syntax-ns#Property,
DepositionalEnvironment,depositional environment,Container for describing the original environment in which thr rock was deposited or the mineral formed,,,"hypersaline lagoon, lacustrine, intertidal etc.",http://www.w3.org/1999/02/22-rdf-syntax-ns#Property,
DepositionalEnvironmentText,depositional environment text,free text describing the original environment in which thr rock was deposited or the mineral formed,,,"hypersaline lagoon, lacustrine, intertidal etc.",http://www.w3.org/1999/02/22-rdf-syntax-ns#Property,
DepositionalEnvironmentType,depositional environment type,keywords from enumerated list for indexing of depositional environments,,,,http://www.w3.org/1999/02/22-rdf-syntax-ns#Property,
DiageneticChange,diagenetic change,Free text for describing any physical and chemical changes that took place in a sediment during the lithification process,,,"compaction, cementation, recrystallisation, dolomitisation and replacement.",http://www.w3.org/1999/02/22-rdf-syntax-ns#Property,
DipDegrees,dip degrees,The dip in degrees of laminae or stratal surfaces in this layer,,,,http://www.w3.org/1999/02/22-rdf-syntax-ns#Property,
DistanceFromBaseline,distance from baseline,Number representing distance measured,,,,http://www.w3.org/1999/02/22-rdf-syntax-ns#Property,
DrillMethod,drill method,How the borehole or well was drilled,,,"reverse circulation drilling, diamond coring, percussion drilling, auger drilling, rotary/barber drilling etc.",http://www.w3.org/1999/02/22-rdf-syntax-ns#Property,
EarliestDate,earliest date,The earliest date in a date range suggested by the analysis or the single date if only one is given,,,,http://www.w3.org/1999/02/22-rdf-syntax-ns#Property,
Encrustation,encrustation,"Free text description of biological encrustations, such as oysters and tube worms.",,,,http://www.w3.org/1999/02/22-rdf-syntax-ns#Property,
ExactDate,exact date,Uses DateTime element from ABCD,,,,http://www.w3.org/1999/02/22-rdf-syntax-ns#Property,
FeedingPredationTraces,feeding predation traces,Free text description relating to aspects of feeding and predation,,,"ammonite with bite mark from plesiosaur,  shell drilled by predatory gastropod etc.",http://www.w3.org/1999/02/22-rdf-syntax-ns#Property,
Formation,formation,The primary lithostratigraphic unit characterised by its lithologic features although it may be diachronous. ,,,,http://www.w3.org/1999/02/22-rdf-syntax-ns#Property,
FossilSubzoneName,fossil subzone name,"The subzone name, if any, this should ideally be in expanded form rather than abbreviated.",,,,http://www.w3.org/1999/02/22-rdf-syntax-ns#Property,
FossilZoneName,fossil zone name,The actual name of the biozone. Ideally this should be in its expanded form although common usage tends to abbreviate the generic epithet.,,,,http://www.w3.org/1999/02/22-rdf-syntax-ns#Property,
FullScientificNameString,full scientific name string,Full formal name string as used in 'Taxon Identified' in main schema,,,,http://www.w3.org/1999/02/22-rdf-syntax-ns#Property,
Geologists,geologists,The geologist(s) and or organisation responsible for logging the borehole and or maintaining the borehole record.,,,,http://www.w3.org/1999/02/22-rdf-syntax-ns#Property,
Group,group,Lithostratigraphic unit consisting of two or more formations,,,,http://www.w3.org/1999/02/22-rdf-syntax-ns#Property,
Hazard,hazard,Container for describing hazards that may be associated with the specimen,,,"radioactive, toxic, carcinogens etc.",http://www.w3.org/1999/02/22-rdf-syntax-ns#Property,
HazardKeywords,hazard keywords,,,,,http://www.w3.org/1999/02/22-rdf-syntax-ns#Property,
HazardText,hazard text,Free text describing any hazards that may be associated with the specimen/unit,,,"is it radioactive, poisonous, carcinogenic?",http://www.w3.org/1999/02/22-rdf-syntax-ns#Property,
HoleDiameter,hole diameter,Diameter of the borehole in milliimetres,,,,http://www.w3.org/1999/02/22-rdf-syntax-ns#Property,
HoleDirection,hole direction,Direction and inclination of the borehole or well,,,,http://www.w3.org/1999/02/22-rdf-syntax-ns#Property,
HostRockStratigraphy,host rock stratigraphy,Container for any stratigraphic determination specific to the host rock. For instance the gathering site may include a range of stratigraphic horizons whilst the unit host rock may represent just one. The unit itself might be different if it is allocthonous in origin. Minerals may be of a different age from their host rock.,,,,http://www.w3.org/1999/02/22-rdf-syntax-ns#Property,
HostRockText,host rock text,Free text element for general description of host rock,,,,http://www.w3.org/1999/02/22-rdf-syntax-ns#Property,
IdentificationAnalysis,identification analysis,container for analytical techniques employed for identifying a mineral or rock. Note that this differs from the existing Measurement element in that it allows for multiple values to be obtained from a single analysis,,,percentage values of elements in a mineral.,http://www.w3.org/1999/02/22-rdf-syntax-ns#Property,
IdentificationAnalysisAtomised,identification analysis atomised,,,,,http://www.w3.org/1999/02/22-rdf-syntax-ns#Property,
IdentificationQualifier,identification qualifier,Element as used in TaxonIdentified,,,,http://www.w3.org/1999/02/22-rdf-syntax-ns#Property,
Identifiers,identifiers,,,,,http://www.w3.org/1999/02/22-rdf-syntax-ns#Property,
Identifiers,identifiers,,,,,http://www.w3.org/1999/02/22-rdf-syntax-ns#Property,
Identifiers,identifiers,,,,,http://www.w3.org/1999/02/22-rdf-syntax-ns#Property,
Identifiers,identifiers,,,,,http://www.w3.org/1999/02/22-rdf-syntax-ns#Property,
Identifiers,identifiers,,,,,http://www.w3.org/1999/02/22-rdf-syntax-ns#Property,
Identifiers,identifiers,,,,,http://www.w3.org/1999/02/22-rdf-syntax-ns#Property,
InformalLithostratigraphicName,informal lithostratigraphic name,An informal lithostratigraphic name (ie. one not yet characterised as a formation or member or an old name still in general use,,,Schaumkalk as part of the Muschelkalk or Keuper Marl as a synonym of the Mercia Mudstone Group. includes language as an attribute.,http://www.w3.org/1999/02/22-rdf-syntax-ns#Property,
InformalNameString,informal name string,Common name or language variant of formal mineral or rock name,,,Fluor Spar.  Includes attribute for language.,http://www.w3.org/1999/02/22-rdf-syntax-ns#Property,
IsotopeStratigraphicDetail,isotope stratigraphic detail,Free text describing the isotope correlation result.,,,,http://www.w3.org/1999/02/22-rdf-syntax-ns#Property,
IsotopeStratigraphicDetermination,isotope stratigraphic determination,Single record of an isotope stratigraphic determination,,,,http://www.w3.org/1999/02/22-rdf-syntax-ns#Property,
IsotopeStratigraphicDeterminations,isotope stratigraphic determinations,Container for detail referring to any isotope concentration study. Isotope stratigraphy uses a range of readings over a sequence of rocks to create profiles that are correlated with dated sequences.,,,,http://www.w3.org/1999/02/22-rdf-syntax-ns#Property,
IsotopesMeasured,isotopes measured,What isotopes were used for this correlation,,,"Oxygen, Strontium, Carbon or more specific (O18/O16)",http://www.w3.org/1999/02/22-rdf-syntax-ns#Property,
LatestDate,latest date,The latest date where a range of values is given,,,,http://www.w3.org/1999/02/22-rdf-syntax-ns#Property,
LithificationHostRock,lithification host rock,The degree of lithification of the host rock,,,"unlithified, poorly lthified, lithified etc.",http://www.w3.org/1999/02/22-rdf-syntax-ns#Property,
LithologyAttributesHostRock,lithology attributes host rock,Lithological  description of host rock,,,"cross-bedded,  finely laminated etc. could use an enumeration or lookup list",http://www.w3.org/1999/02/22-rdf-syntax-ns#Property,
LithologyHostRock,lithology host rock,The type of rock representing the host rock,,,"sandstone, mudstone, limestone etc",http://www.w3.org/1999/02/22-rdf-syntax-ns#Property,
LithostratigraphicAttribution,lithostratigraphic attribution,An individual identification of a named lithostratigraphic unit,,,The Hotwells Limestone Group.  The higher lithostratigraphic terms are also allowed to cover the possibility of rock name homonyms and indexing in the absence of  a complete dictionary of rock names.,http://www.w3.org/1999/02/22-rdf-syntax-ns#Property,
LithostratigraphicAttributions,lithostratigraphic attributions,Allows for multiple identifications of any named lithostratigraphic units (,,,"Penarth Group, Langport Member, Rhaetic Bone Bed)",http://www.w3.org/1999/02/22-rdf-syntax-ns#Property,
LowerValue,lower value,Lower value of a range or single value. This can be expressed as a measured value,,,45% or as a chemical formula,http://www.w3.org/1999/02/22-rdf-syntax-ns#Property,
MagnetostratigraphicDetail,magnetostratigraphic detail,Free text describing the use of magnetostratigraphic correlation. ,,,,http://www.w3.org/1999/02/22-rdf-syntax-ns#Property,
MagnetostratigraphicDetermination,magnetostratigraphic determination,Single record of magnetostratigraphic dating,,,,http://www.w3.org/1999/02/22-rdf-syntax-ns#Property,
MagnetostratigraphicDeterminations,magnetostratigraphic determinations,"Container for details of any magnetostratigraphic evidence cited to support the dating of rocks. Magnetostratigraphy uses a range of readings over a sequence of rocks to provide a pattern that is correlated with known dated sequences. It includes its own series of divisions including superchrons, chrons and subchrons.",,,,http://www.w3.org/1999/02/22-rdf-syntax-ns#Property,
MaterialDated,material dated,What was actually dated?,,,"Glauconite grains in a sandstone, wood from peat-core etc.",http://www.w3.org/1999/02/22-rdf-syntax-ns#Property,
MeasureFromBaseline,measure from baseline,Container for recording eith the distance (in metres) from a fixed baseline,,,top of a borehole or bottom of a measured section,http://www.w3.org/1999/02/22-rdf-syntax-ns#Property,
MeasurementUnit,measurement unit,Units that DistanceFromBaseline are measured in,,,metres,http://www.w3.org/1999/02/22-rdf-syntax-ns#Property,
Member,member,A sub-division of a formation which may be local in extent or exhibits a distinctive lithology,,,,http://www.w3.org/1999/02/22-rdf-syntax-ns#Property,
MineralColour,mineral colour,Description of coloration of the mineral,,,,http://www.w3.org/1999/02/22-rdf-syntax-ns#Property,
MineralDescriptionText,mineral description text,"Free text description of mineral unit which may include observations on its form and occurrence, origin or other associated facts",,,,http://www.w3.org/1999/02/22-rdf-syntax-ns#Property,
MineralHabit,mineral habit,"Free text description of the mineral habit. Minerals occur in a variety of forms, which mayor may not be directly dependent on their crystalline structure",,,"nodular, columnar, radiating, mamillated, botryoidal, granular etc.",http://www.w3.org/1999/02/22-rdf-syntax-ns#Property,
MineralMeasurementOrFact,mineral measurement or fact,Container for a single physical measurement or fact related to mineral,,,,http://www.w3.org/1999/02/22-rdf-syntax-ns#Property,
MineralMeasurementsOrFacts,mineral measurements or facts,Container for measurements or facts related to physical properties of mineral,,,"streak, cleavage, specific gravity etc.",http://www.w3.org/1999/02/22-rdf-syntax-ns#Property,
MineralRockClassification,mineral rock classification,Classification to which the group name belongs,,,"Dana, Strunz etc.",http://www.w3.org/1999/02/22-rdf-syntax-ns#Property,
MineralRockClassification,mineral rock classification,The classification from which this mineral or rockname has been taken,,,,http://www.w3.org/1999/02/22-rdf-syntax-ns#Property,
MineralRockGroup,mineral rock group,Equivalent to higher taxon for plants and animals. Container for multiple higher groupings for minerals (,,,"silicates, inosilicates) and rocks (",http://www.w3.org/1999/02/22-rdf-syntax-ns#Property,
MineralRockGroupName,mineral rock group name,A single instance of a higher 'taxon' for minerals,,,Silicates or for rocks,http://www.w3.org/1999/02/22-rdf-syntax-ns#Property,
MineralRockNameAtomised,mineral rock name atomised,"Container for formal name elements for rocks, minerals and meteorites",,,,http://www.w3.org/1999/02/22-rdf-syntax-ns#Property,
ModeOfTransport,mode of transport,How the material was transported,,,"glacier, turbidity current, meteorite etc.",http://www.w3.org/1999/02/22-rdf-syntax-ns#Property,
NameAddendum,name addendum,element from TaxonIdentified complex type,,,,http://www.w3.org/1999/02/22-rdf-syntax-ns#Property,
NameComments,name comments,Free text relating to the identification of the mineral or rock,,,,http://www.w3.org/1999/02/22-rdf-syntax-ns#Property,
NamedGeologicalFeature,named geological feature,The name for a geologic feature that is not a placename,,,"'The Great Whin Sill', 'Bodmin Granite' or 'The Great Glen Fault'. Many landscape scale geologic and geomorphic features have names.",http://www.w3.org/1999/02/22-rdf-syntax-ns#Property,
NumberOfCoreBoxes,number of core boxes,How many core boxes were collected from the borehole or well - integer,,,,http://www.w3.org/1999/02/22-rdf-syntax-ns#Property,
NumberOfSubUnits,number of sub units,Where the described sectionunit or  'layer' is represented by more than one similar unit,,,a sequence of thin limestone beds with shale intercalations recorded as a single unit (layer),http://www.w3.org/1999/02/22-rdf-syntax-ns#Property,
Organisation,organisation,Organisation type from the abcd schema,,,,http://www.w3.org/1999/02/22-rdf-syntax-ns#Property,
Orientation,orientation,Free text description of the orientation of the fossil remains in the host rock,,,"unknown, life position, toppled etc.",http://www.w3.org/1999/02/22-rdf-syntax-ns#Property,
OriginalBiominerals,original biominerals,List of original organcis or biomaterial preserved in the specimen,,,,http://www.w3.org/1999/02/22-rdf-syntax-ns#Property,
OriginalStratigraphy,original stratigraphy,The original stratigraphic associations of allocthonous material,,,a Devonian erratic obtained from a Pleistocene tillite.,http://www.w3.org/1999/02/22-rdf-syntax-ns#Property,
OverburdenThickness,overburden thickness,Thickness in metres of non-logged over-burden before solid or logged material was reached.,,,,http://www.w3.org/1999/02/22-rdf-syntax-ns#Property,
Parameter,parameter,What the given value refers to,,,amount of an individual element present in a crystalline structure or it could be chemical formula,http://www.w3.org/1999/02/22-rdf-syntax-ns#Property,
PartOfOrganism,part of organism,Free text description relating to the part or parts of the organism that have been preserved,,,"shell, skeleton, skull, soft tissue etc.",http://www.w3.org/1999/02/22-rdf-syntax-ns#Property,
PerologicalAnalysisComment,perological analysis comment,Free text element describing a petrological analysis or its results,,,,http://www.w3.org/1999/02/22-rdf-syntax-ns#Property,
Person,person,Person type from the abcd schema,,,,http://www.w3.org/1999/02/22-rdf-syntax-ns#Property,
PetrologicalAnalysis,petrological analysis,Container for a single analysis related to the petrogenesis of a rock unit,,,,http://www.w3.org/1999/02/22-rdf-syntax-ns#Property,
PetrologicalAnalysisAtomised,petrological analysis atomised,,,,,http://www.w3.org/1999/02/22-rdf-syntax-ns#Property,
Petrologicalanalyses,petrologicalanalyses,Container element for one or morre sets of analytical results relating to the petrogenesis of a rock unit.,,,,http://www.w3.org/1999/02/22-rdf-syntax-ns#Property,
Petrology,petrology,Container for petrographic descriptions related to a rock or mineral unit,,,,http://www.w3.org/1999/02/22-rdf-syntax-ns#Property,
PetrologyDescriptiveText,petrology descriptive text,Free text element for petrographic description of the associated rock or mineral unit.,,,,http://www.w3.org/1999/02/22-rdf-syntax-ns#Property,
PlaceOfOrigin,place of origin,The place of origin for material that has been transported during its history,,,glacial erratics and meteorites,http://www.w3.org/1999/02/22-rdf-syntax-ns#Property,
PolarityChron,polarity chron,Reference to numerical scheme for labelling time divisions based on magnetic anomalies and reversals,,,,http://www.w3.org/1999/02/22-rdf-syntax-ns#Property,
PolaritySubchron,polarity subchron,Any named subdivision of a Polarity Chron,,,,http://www.w3.org/1999/02/22-rdf-syntax-ns#Property,
PolaritySuperchron,polarity superchron,largest division of magnetostratigraphic terms,,,,http://www.w3.org/1999/02/22-rdf-syntax-ns#Property,
PositionInSequence,position in sequence,The position this stratigraphic 'unit' has in the sequence for the site.,,,a bed number,http://www.w3.org/1999/02/22-rdf-syntax-ns#Property,
PostBurialTransportation,post burial transportation,Free text relating to any post burial transport of fossil material,,,"river transport, scree slope etc.",http://www.w3.org/1999/02/22-rdf-syntax-ns#Property,
PreservationAlteration,preservation alteration,Container for description of preservation and alsteration of specimen,,,,http://www.w3.org/1999/02/22-rdf-syntax-ns#Property,
PreservationAlterationText,preservation alteration text,Free text relating to mineralogical changes in preserved specimens,,,"original shell material preserved, replacement minerals, re-crystallisation, silicification etc.",http://www.w3.org/1999/02/22-rdf-syntax-ns#Property,
PreservationMode,preservation mode,Container for preservation mode description and keywords,,,,http://www.w3.org/1999/02/22-rdf-syntax-ns#Property,
PreservationModeKeywords,preservation mode keywords,keywords for how fossil material has been preserved,,,"body, cast, mold, trace fossil, soft parts mineralised etc.",http://www.w3.org/1999/02/22-rdf-syntax-ns#Property,
PreservationModeText,preservation mode text,Free text for describing the mode of preservation,,,"is the specimen a cast or mold,are soft parts preserved or mineralised etc.",http://www.w3.org/1999/02/22-rdf-syntax-ns#Property,
PreservationQuality,preservation quality,Free text describing the preservation quality,,,"poor, medium, good, excellent. Includes preservation of anatomical detail and softparts.",http://www.w3.org/1999/02/22-rdf-syntax-ns#Property,
PreservationSpecialMode,preservation special mode,Keyword for any special mode of preservation,,,"preserved in amber or frozen in tundra, tar pit etc.",http://www.w3.org/1999/02/22-rdf-syntax-ns#Property,
Pseudomorph,pseudomorph,"Free text to describe any pseudomorph features associated with a mineral or rock unit. Types include substitution, encrustation and infill",,,,http://www.w3.org/1999/02/22-rdf-syntax-ns#Property,
RadiometricDate,radiometric date,Container for a single radiometric date analysis,,,,http://www.w3.org/1999/02/22-rdf-syntax-ns#Property,
RadiometricDates,radiometric dates,Container for absolute dates obtained from radiometric analysis.,,,,http://www.w3.org/1999/02/22-rdf-syntax-ns#Property,
RadiometricDatingMethod,radiometric dating method,"Method, analysis technique used to determine date",,,"radiocarbon, Potassium-Argon etc.",http://www.w3.org/1999/02/22-rdf-syntax-ns#Property,
RangePosition,range position,"text field to mark if this date is the earlest in a possible range, midway or the latest. May need to be used if there is a possibility of a range of dates.",,,,http://www.w3.org/1999/02/22-rdf-syntax-ns#Property,
RangePosition,range position,"Range position if this attribution is the earliest, midway or latest in a possible range.",,,It is not always clear what zone a particular taxon belongs to and therefore a range may be needed.,http://www.w3.org/1999/02/22-rdf-syntax-ns#Property,
RelationshipToOverlyingLayer,relationship to overlying layer,Free text to record any observed relationship with overlying layer,,,groove casts infilled by overlying sediment.,http://www.w3.org/1999/02/22-rdf-syntax-ns#Property,
RelationshipToUnderlyingLayer,relationship to underlying layer,Free text to describe relationship to underlying strata/layer,,,unconformable and cross cuts strata or base of bed includes clasts of underlying sediment,http://www.w3.org/1999/02/22-rdf-syntax-ns#Property,
ReplacementMinerals,replacement minerals,List of replacement minerals in the specimen,,,silica,http://www.w3.org/1999/02/22-rdf-syntax-ns#Property,
RockMineralUsage,rock mineral usage,Description of the use to which this mineral or rock has been put,,,"building stone, ore, sculpture, cut gemstone.",http://www.w3.org/1999/02/22-rdf-syntax-ns#Property,
RockPhysicalCharacteristics,rock physical characteristics,Container for descriptive terms and measurements related to rocks,,,"grain size, grain sphericity, crystal sizes and orientations, laminations etc.",http://www.w3.org/1999/02/22-rdf-syntax-ns#Property,
RockType,rock type,For simple classification,,,"igneous, metamorphic, sedimentary or meteorite - enumeration list is provisional!",http://www.w3.org/1999/02/22-rdf-syntax-ns#Property,
RockUnit,rock unit,Container element for attributes restricted to rocks,,,,http://www.w3.org/1999/02/22-rdf-syntax-ns#Property,
SampleGUID,sample g u i d,A unique identifier for another Unit Record in ABCD,,,,http://www.w3.org/1999/02/22-rdf-syntax-ns#Property,
SampleRef,sample ref,Identifier for this sample,,,"field log sample number, registration number or similar",http://www.w3.org/1999/02/22-rdf-syntax-ns#Property,
SampleText,sample text,Short description of sample  - longer descriptions should be treated under separate unit records.,,,,http://www.w3.org/1999/02/22-rdf-syntax-ns#Property,
SampleType,sample type,What sort of sample this is. Could be an enumerated list,,,,http://www.w3.org/1999/02/22-rdf-syntax-ns#Property,
ScientificNameString,scientific name string,Equivalent of Scientific Name but minerals and rocks do not use binomials,,,"Quartz, Fluorite etc.",http://www.w3.org/1999/02/22-rdf-syntax-ns#Property,
SectionIDNumber,section i d number,"Unique identifying code or number for this section, borehole or well",,,,http://www.w3.org/1999/02/22-rdf-syntax-ns#Property,
SectionLog,section log,"Container for the layer by layer description of the section, borehole or well. The layers or subdivisions are referred as SectionUnits - these represent layers, strata, beds, ore bodies, intrusive bodies etc. that might be recorded in a section or borehole. A SectionUnit or layer is also regarded as that which is recorded as a coherent sub-unit of the whole section or borehole. It may therefore be a single bed, a series of beds with similar characteristics or an unlayered body such as an igneous intrusion.",,,,http://www.w3.org/1999/02/22-rdf-syntax-ns#Property,
SectionName,section name,The name for the section,,,"Vallis Vale, Hapsford Bridge Section or it could be a borehole unique name. This may be different from the locality name.",http://www.w3.org/1999/02/22-rdf-syntax-ns#Property,
SectionUnitDatum,section unit datum,Text for where the measurement is taken,,,top of bed or bottom of bed.,http://www.w3.org/1999/02/22-rdf-syntax-ns#Property,
SectionUnitDescriptiveText,section unit descriptive text,"Free text description of the layer, stratum or rock body ",,,,http://www.w3.org/1999/02/22-rdf-syntax-ns#Property,
SectionUnitImage,section unit image,Placeholder for multimedia complex type from main ABCD schema,,,,http://www.w3.org/1999/02/22-rdf-syntax-ns#Property,
SectionUnitImages,section unit images,"Container for images related to this bed, layer or body within the measured section or borehole.",,,,http://www.w3.org/1999/02/22-rdf-syntax-ns#Property,
SectionUnitNumber,section unit number,"Either a numerical identifier used for sorting the sequence or a UnitFieldNumber. A sectionunit could be a bed, a layer, an intrusive body or anything else encountered in a section or borehole.",,,,http://www.w3.org/1999/02/22-rdf-syntax-ns#Property,
SectionUnitSample,section unit sample,Container for a single sample taken from this layer,,,,http://www.w3.org/1999/02/22-rdf-syntax-ns#Property,
SectionUnitSamples,section unit samples,Container for samples taken from this layer. This should just list ABCD unit GUIDs to detailed unit/sample records but could be extended to use global types to create a standalone schema,,,,http://www.w3.org/1999/02/22-rdf-syntax-ns#Property,
SectionUnitStratigraphy,section unit stratigraphy,,,,,http://www.w3.org/1999/02/22-rdf-syntax-ns#Property,
SequenceStratigraphicSetting,sequence stratigraphic setting,Keyword for position in sequence stratigraphy setting. Enumerated list.,,,,http://www.w3.org/1999/02/22-rdf-syntax-ns#Property,
ShockMetamorphicGrade,shock metamorphic grade,"Free text for describing the type of alteration caused by impact, as in meteorites. Also called shock stage.",,,,http://www.w3.org/1999/02/22-rdf-syntax-ns#Property,
SiteSections,site sections,Measured section or borehole record associated with the gathering site.,,,,http://www.w3.org/1999/02/22-rdf-syntax-ns#Property,
SiteStratigraphicAttributions,site stratigraphic attributions,Individual stratigraphic determinations related to the Gathering site - not measured sections.,,,,http://www.w3.org/1999/02/22-rdf-syntax-ns#Property,
StratigraphicAttributions,stratigraphic attributions,,,,,http://www.w3.org/1999/02/22-rdf-syntax-ns#Property,
StratigraphicComment,stratigraphic comment,Free text comments relating to the straigraphy,,,,http://www.w3.org/1999/02/22-rdf-syntax-ns#Property,
StratigraphicDateComment,stratigraphic date comment,Free text element to allow discussion of geological age of a specimen or observed feature,,,,http://www.w3.org/1999/02/22-rdf-syntax-ns#Property,
StratigraphicMeasurementOrFact,stratigraphic measurement or fact,Container for single instance of complex type MeasurementOrFact,,,,http://www.w3.org/1999/02/22-rdf-syntax-ns#Property,
StratigraphicMeasurementsOrFacts,stratigraphic measurements or facts,Container element for multiple measurements (,,,"thickness, dip etc.) or facts (",http://www.w3.org/1999/02/22-rdf-syntax-ns#Property,
StratigraphicReference,stratigraphic reference,Complex type for individual reference pertaining to stratigraphy uses abcd:Reference type,,,,http://www.w3.org/1999/02/22-rdf-syntax-ns#Property,
StratigraphicReference,stratigraphic reference,Details of individual documentary references to the straigraphy ,,,,http://www.w3.org/1999/02/22-rdf-syntax-ns#Property,
StratigraphicReferences,stratigraphic references,Container for any documentary references relating to the stratigraphy,,,,http://www.w3.org/1999/02/22-rdf-syntax-ns#Property,
StratigraphicReferences,stratigraphic references,Container for complex type Reference. There may be more than one reference describing the stratigraphy.,,,,http://www.w3.org/1999/02/22-rdf-syntax-ns#Property,
StratigraphicSectionImage,stratigraphic section image,This is a placeholder for MultiMedia complex type from the main ABCD schema,,,,http://www.w3.org/1999/02/22-rdf-syntax-ns#Property,
StratigraphicSectionImages,stratigraphic section images,Container for images of the stratigraphic section or borehole and related media.,,,,http://www.w3.org/1999/02/22-rdf-syntax-ns#Property,
StratigraphyComment,stratigraphy comment,"Free text for describing the stratigraphic context, correlation or similar notes",,,,http://www.w3.org/1999/02/22-rdf-syntax-ns#Property,
Strike,strike,Direction of strike measured on stratal surface,,,,http://www.w3.org/1999/02/22-rdf-syntax-ns#Property,
Supergroup,supergroup,Highest level of lithostratigraphic classification,,,,http://www.w3.org/1999/02/22-rdf-syntax-ns#Property,
TectonicSetting,tectonic setting,Free text description of the relationship of the observed stratigraphy to its tectonic context,,,"sequence stratigraphy related to basin development and eustatic change, syn-tectonic stratigraphy related to plate movements and orogenesis.",http://www.w3.org/1999/02/22-rdf-syntax-ns#Property,
TimeUnit,time unit,The time units being measured or how the numbers are expressed,,,millions of years B.P. or thousands of years B.C.,http://www.w3.org/1999/02/22-rdf-syntax-ns#Property,
TopSurface,top surface,Container for details of top surface of a layer or stratum and it relationship with overlying layers,,,,http://www.w3.org/1999/02/22-rdf-syntax-ns#Property,
TopSurfaceFeature,top surface feature,Text description of features,,,top surface is a hardground or rockground,http://www.w3.org/1999/02/22-rdf-syntax-ns#Property,
TotalCoreRecovery,total core recovery,What percentage of the drilled material was recovered?,,,,http://www.w3.org/1999/02/22-rdf-syntax-ns#Property,
TotalDepth,total depth,The total depth in metres that was bored or dug,,,,http://www.w3.org/1999/02/22-rdf-syntax-ns#Property,
TotalLengthOfSection,total length of section,The length of the named section in meters,,,,http://www.w3.org/1999/02/22-rdf-syntax-ns#Property,
TotalThicknessMeasured,total thickness measured,The total thickness of strata or rock exposed in the section or borehole,,,,http://www.w3.org/1999/02/22-rdf-syntax-ns#Property,
Twinning,twinning,"Free text to describe any twinning features dispalyed by a mineral unit. Types include interpenetrant, rotation and geniculate.",,,,http://www.w3.org/1999/02/22-rdf-syntax-ns#Property,
TypeOfBit,type of bit,What type bit was used in the drilling / cutting process - can include diameter and type code,,,,http://www.w3.org/1999/02/22-rdf-syntax-ns#Property,
UnitOfMeasurement,unit of measurement,The scale used for measurements in the analysis,,,% for amounts or RI for refractive index.,http://www.w3.org/1999/02/22-rdf-syntax-ns#Property,
UnitSize,unit size,Free text fiekd for describing the overall size of the specimen - frequently used information and therefore placed here as a summary. Details should be entered under MeasurementOrFact complex type.,,,,http://www.w3.org/1999/02/22-rdf-syntax-ns#Property,
UnitStratigraphicDetermination,unit stratigraphic determination,Formal stratigraphic date or correlation for an individual earth science unit (,,,a single fossil specimen). Use efgGathering for site-related stratigraphy. This allows for individual specimens to be given an exact stratigraphic date and the wider stratigraphy of the site to also be listed.,http://www.w3.org/1999/02/22-rdf-syntax-ns#Property,
UnitWeight,unit weight,Free text field to enter gross weight of geological specimens.  -  frequently used information and used here as a summary. Details should be entered under MeasurementOrFact complex type,,,,http://www.w3.org/1999/02/22-rdf-syntax-ns#Property,
UpperValue,upper value,Higher value or upper limit of range of values,,,,http://www.w3.org/1999/02/22-rdf-syntax-ns#Property,
VarietalNameString,varietal name string,"Name given to a variety of the mineral, usually based on its colour or form",,,"Saphire is a blue form of Corundum, Moss Agate and Carnelian are varieties of cryptocrystalline Quartz. Marston Marble is a varietal trade name for a biomicrite from Lower Jurassic. Includes attribute for language.",http://www.w3.org/1999/02/22-rdf-syntax-ns#Property,
ZonalFossilType,zonal fossil type,What sort of biozone is being recorded?,,,"what animal or plant group is it based on? (ammonite, brachiopod,coral, plant, foram, nanoplankton etc.)",http://www.w3.org/1999/02/22-rdf-syntax-ns#Property,
